{
    "instance_results": [
        {
            "instance_name": "eil51",
            "distances": [
                436,
                445,
                444,
                459,
                451,
                449,
                435,
                444,
                442,
                452
            ],
            "distance_mean": 445.7,
            "distance_std": 7.334090869963972,
            "best_permutation": [
                46,
                50,
                45,
                11,
                36,
                43,
                14,
                44,
                32,
                38,
                9,
                48,
                4,
                37,
                8,
                29,
                33,
                49,
                15,
                20,
                28,
                19,
                34,
                35,
                2,
                1,
                10,
                31,
                26,
                47,
                0,
                21,
                27,
                30,
                7,
                25,
                6,
                22,
                42,
                23,
                5,
                13,
                24,
                12,
                40,
                39,
                18,
                41,
                16,
                3,
                17
            ]
        },
        {
            "instance_name": "pr107",
            "distances": [
                48264,
                47622,
                45649,
                47604,
                48684,
                49247,
                46452,
                49391,
                46781,
                48622
            ],
            "distance_mean": 47831.6,
            "distance_std": 1240.0674892028167,
            "best_permutation": [
                40,
                37,
                33,
                30,
                32,
                35,
                34,
                31,
                29,
                26,
                27,
                24,
                21,
                20,
                23,
                18,
                15,
                14,
                12,
                11,
                10,
                9,
                7,
                3,
                0,
                2,
                5,
                1,
                4,
                6,
                8,
                13,
                16,
                17,
                19,
                22,
                25,
                28,
                58,
                85,
                83,
                59,
                80,
                78,
                60,
                75,
                73,
                61,
                72,
                69,
                62,
                65,
                63,
                66,
                64,
                67,
                68,
                71,
                70,
                74,
                77,
                76,
                79,
                82,
                81,
                84,
                87,
                86,
                89,
                92,
                91,
                90,
                88,
                57,
                94,
                97,
                93,
                56,
                95,
                96,
                99,
                98,
                101,
                102,
                104,
                106,
                105,
                54,
                103,
                100,
                55,
                46,
                49,
                52,
                53,
                50,
                51,
                48,
                45,
                44,
                42,
                47,
                43,
                38,
                39,
                36,
                41
            ]
        },
        {
            "instance_name": "kroA200",
            "distances": [
                35037,
                33962,
                35783,
                36053,
                34390,
                33736,
                34894,
                35402,
                34639,
                35913
            ],
            "distance_mean": 34980.9,
            "distance_std": 809.9100704536413,